﻿pos_x,pos_y,rotation,side,designator,mpn,pack,value,mount_type,place
3.556,49.276,90.0,top,D1,,LED_D3.0mm,PWR_LED,tht,True
3.81,57.658,90.0,top,D2,,LED_D3.0mm,SB_LED,tht,True
3.525,91.725,0.0,top,H1,,MountingHole_3.2mm_M3_ISO7380_Pad,MountingHole_Pad,tht,True
91.725,91.725,0.0,top,H2,,MountingHole_3.2mm_M3_ISO7380_Pad,MountingHole_Pad,tht,True
91.725,3.525,0.0,top,H3,,MountingHole_3.2mm_M3_ISO7380_Pad,MountingHole_Pad,tht,True
3.525,3.525,0.0,top,H4,,MountingHole_3.2mm_M3_ISO7380_Pad,MountingHole_Pad,tht,True
90.17,78.105,0.0,top,J1,,IDC-Header_2x20_P2.54mm_Horizontal,Exp. Conn. A,tht,True
37.465,90.17,90.0,top,J2,,IDC-Header_2x17_P2.54mm_Horizontal,Exp. Conn. B,tht,True
5.207,17.145,180.0,top,J3,,IDC-Header_2x10_P2.54mm_Horizontal,Power,tht,True
5.207,69.85,180.0,top,J4,,PinHeader_2x06_P2.54mm_Horizontal,Front Panel Connector,tht,True
66.525,8.636,180.0,top,J5,,Molex_Mini-Fit_Jr_5569-20A1_2x10_P4.20mm_Horizontal,ATX-20,tht,True
10.414,59.436,-90.0,top,R1,,R_Axial_DIN0204_L3.6mm_D1.6mm_P7.62mm_Horizontal,1k,tht,True
13.97,59.436,-90.0,top,R2,,R_Axial_DIN0204_L3.6mm_D1.6mm_P7.62mm_Horizontal,1k,tht,True
17.526,59.436,-90.0,top,R3,,R_Axial_DIN0204_L3.6mm_D1.6mm_P7.62mm_Horizontal,1k,tht,True
