﻿designator,quantity,value,pack,mpn,mount_type
"C1, C2, C3, C4, C5, C6, C7, C8, C9",9,0.1uF,C_Disc_D5.0mm_W2.5mm_P2.50mm,,tht
CP1,1,10uF,CP_Radial_D5.0mm_P2.50mm,,tht
CP2,1,0.1uF,CP_Radial_D5.0mm_P2.50mm,,tht
D1,1,PWR_LED,LED_D3.0mm,,tht
D2,1,1N4148,D_A-405_P7.62mm_Horizontal,,tht
"H1, H2, H3, H4",4,MountingHole_Pad,MountingHole_3.2mm_M3_ISO7380_Pad,,tht
J1,1,Exp. Conn. A,IDC-Header_2x20_P2.54mm_Horizontal,,tht
J2,1,Exp. Conn. B,IDC-Header_2x17_P2.54mm_Horizontal,,tht
J3,1,Power,IDC-Header_2x10_P2.54mm_Horizontal,,tht
J4,1,Exp. Conn. C,IDC-Header_2x04_P2.54mm_Horizontal,,tht
J5,1,EXT_CLK,PinHeader_1x02_P2.54mm_Horizontal,,tht
J6,1,CPU_CLK_SEL,PinHeader_1x03_P2.54mm_Horizontal,,tht
J7,1,BUS_CLK_SEL,PinHeader_1x03_P2.54mm_Horizontal,,tht
R1,1,1k,R_Axial_DIN0204_L3.6mm_D1.6mm_P7.62mm_Horizontal,,tht
"R2, R3",2,10k,R_Axial_DIN0204_L3.6mm_D1.6mm_P7.62mm_Horizontal,,tht
R4,1,4.7k,R_Axial_DIN0204_L3.6mm_D1.6mm_P7.62mm_Horizontal,,tht
"RN1, RN2, RN3, RN4",4,4.7k,R_Array_SIP9,,tht
RN5,1,4.7k,R_Array_SIP5,,tht
U1,1,Z80CPPLC44,PLCC-44_THT-Socket,,tht
U2,1,GAL16V8,DIP-20_W7.62mm_Socket,,tht
"U3, U4, U6",3,74LS244,DIP-20_W7.62mm_Socket,,tht
U5,1,74LS245,DIP-20_W7.62mm_Socket,,tht
U7,1,74LS30,DIP-14_W7.62mm_Socket,,tht
U8,1,ATF1502AS-7JX44,PLCC-44_THT-Socket,,tht
X1,1,INT_CLK,DIP-8_W7.62mm_Socket,,tht
