[{"pos_x": 3.525, "pos_y": 91.725, "rotation": 0.0, "side": "top", "designator": "H1", "mpn": null, "pack": "MountingHole_3.2mm_M3_ISO7380_Pad", "value": "MountingHole_Pad", "mount_type": "tht", "place": true}, {"pos_x": 6.604, "pos_y": 10.414, "rotation": 0.0, "side": "top", "designator": "REF**", "mpn": null, "pack": "OSHW-Logo2_7.3x6mm_SilkScreen", "value": "OSHW-Logo2_7.3x6mm_SilkScreen", "mount_type": "tht", "place": false}, {"pos_x": 26.214, "pos_y": 27.178, "rotation": 0.0, "side": "top", "designator": "U7", "mpn": null, "pack": "DIP-14_W7.62mm_Socket", "value": "74LS08", "mount_type": "tht", "place": true}, {"pos_x": 52.578, "pos_y": 77.216, "rotation": 0.0, "side": "top", "designator": "U2", "mpn": null, "pack": "DIP-14_W7.62mm_Socket", "value": "74LS32", "mount_type": "tht", "place": true}, {"pos_x": 12.192, "pos_y": 38.14, "rotation": 90.0, "side": "top", "designator": "CP1", "mpn": null, "pack": "CP_Radial_D5.0mm_P2.50mm", "value": "10uF", "mount_type": "tht", "place": true}, {"pos_x": 46.99, "pos_y": 32.004, "rotation": 180.0, "side": "top", "designator": "C3", "mpn": null, "pack": "C_Disc_D5.0mm_W2.5mm_P2.50mm", "value": "0.1uF", "mount_type": "tht", "place": true}, {"pos_x": 13.716, "pos_y": 85.036, "rotation": 90.0, "side": "top", "designator": "Y1", "mpn": null, "pack": "Crystal_HC49-U_Vertical", "value": "3.58MHz", "mount_type": "tht", "place": true}, {"pos_x": 52.578, "pos_y": 27.178, "rotation": 0.0, "side": "top", "designator": "U6", "mpn": null, "pack": "DIP-20_W7.62mm_Socket", "value": "74LS244", "mount_type": "tht", "place": true}, {"pos_x": 33.834, "pos_y": 32.004, "rotation": 180.0, "side": "top", "designator": "C7", "mpn": null, "pack": "C_Disc_D5.0mm_W2.5mm_P2.50mm", "value": "0.1uF", "mount_type": "tht", "place": true}, {"pos_x": 46.938, "pos_y": 82.296, "rotation": 180.0, "side": "top", "designator": "C4", "mpn": null, "pack": "C_Disc_D5.0mm_W2.5mm_P2.50mm", "value": "0.1uF", "mount_type": "tht", "place": true}, {"pos_x": 50.546, "pos_y": 52.832, "rotation": 0.0, "side": "top", "designator": "U1", "mpn": null, "pack": "PLCC-44_THT-Socket", "value": "Z80CPPLC44", "mount_type": "tht", "place": true}, {"pos_x": 4.445, "pos_y": 78.247, "rotation": 180.0, "side": "top", "designator": "J6", "mpn": null, "pack": "PinHeader_1x03_P2.54mm_Horizontal", "value": "BUS_CLK_SEL", "mount_type": "tht", "place": true}, {"pos_x": 91.725, "pos_y": 91.725, "rotation": 0.0, "side": "top", "designator": "H2", "mpn": null, "pack": "MountingHole_3.2mm_M3_ISO7380_Pad", "value": "MountingHole_Pad", "mount_type": "tht", "place": true}, {"pos_x": 73.458, "pos_y": 32.004, "rotation": 180.0, "side": "top", "designator": "C5", "mpn": null, "pack": "C_Disc_D5.0mm_W2.5mm_P2.50mm", "value": "0.1uF", "mount_type": "tht", "place": true}, {"pos_x": 85.344, "pos_y": 52.705, "rotation": -90.0, "side": "top", "designator": "RN1", "mpn": null, "pack": "R_Array_SIP9", "value": "4.7k", "mount_type": "tht", "place": true}, {"pos_x": 12.954, "pos_y": 27.178, "rotation": 0.0, "side": "top", "designator": "U8", "mpn": null, "pack": "DIP-20_W7.62mm_Socket", "value": "74LS245", "mount_type": "tht", "place": true}, {"pos_x": 20.574, "pos_y": 32.004, "rotation": 180.0, "side": "top", "designator": "C8", "mpn": null, "pack": "C_Disc_D5.0mm_W2.5mm_P2.50mm", "value": "0.1uF", "mount_type": "tht", "place": true}, {"pos_x": 26.162, "pos_y": 56.388, "rotation": -90.0, "side": "top", "designator": "D2", "mpn": null, "pack": "D_A-405_P7.62mm_Horizontal", "value": "D", "mount_type": "tht", "place": true}, {"pos_x": 90.17, "pos_y": 78.105, "rotation": 0.0, "side": "top", "designator": "J1", "mpn": null, "pack": "IDC-Header_2x20_P2.54mm_Horizontal", "value": "Exp. Conn. A", "mount_type": "tht", "place": true}, {"pos_x": 18.034, "pos_y": 56.388, "rotation": -90.0, "side": "top", "designator": "R6", "mpn": null, "pack": "R_Axial_DIN0204_L3.6mm_D1.6mm_P7.62mm_Horizontal", "value": "1k", "mount_type": "tht", "place": true}, {"pos_x": 60.198, "pos_y": 32.004, "rotation": 180.0, "side": "top", "designator": "C6", "mpn": null, "pack": "C_Disc_D5.0mm_W2.5mm_P2.50mm", "value": "0.1uF", "mount_type": "tht", "place": true}, {"pos_x": 65.786, "pos_y": 48.514, "rotation": -90.0, "side": "top", "designator": "RN5", "mpn": null, "pack": "R_Array_SIP5", "value": "4.7k", "mount_type": "tht", "place": true}, {"pos_x": 55.245, "pos_y": 86.106, "rotation": 180.0, "side": "top", "designator": "RN2", "mpn": null, "pack": "R_Array_SIP9", "value": "4.7k", "mount_type": "tht", "place": true}, {"pos_x": 39.37, "pos_y": 27.178, "rotation": 0.0, "side": "top", "designator": "U3", "mpn": null, "pack": "DIP-20_W7.62mm_Socket", "value": "74LS244", "mount_type": "tht", "place": true}, {"pos_x": 9.652, "pos_y": 59.944, "rotation": -90.0, "side": "top", "designator": "R1", "mpn": null, "pack": "R_Axial_DIN0204_L3.6mm_D1.6mm_P7.62mm_Horizontal", "value": "470", "mount_type": "tht", "place": true}, {"pos_x": 85.344, "pos_y": 78.105, "rotation": -90.0, "side": "top", "designator": "RN4", "mpn": null, "pack": "R_Array_SIP9", "value": "4.7k", "mount_type": "tht", "place": true}, {"pos_x": 4.445, "pos_y": 68.834, "rotation": 180.0, "side": "top", "designator": "J4", "mpn": null, "pack": "PinHeader_1x02_P2.54mm_Horizontal", "value": "EXT_CLK", "mount_type": "tht", "place": true}, {"pos_x": 33.528, "pos_y": 43.942, "rotation": -90.0, "side": "top", "designator": "C1", "mpn": null, "pack": "C_Disc_D5.0mm_W2.5mm_P2.50mm", "value": "0.1uF", "mount_type": "tht", "place": true}, {"pos_x": 22.098, "pos_y": 56.388, "rotation": -90.0, "side": "top", "designator": "C10", "mpn": null, "pack": "C_Disc_D5.0mm_W2.5mm_P2.50mm", "value": "0.1uF", "mount_type": "tht", "place": true}, {"pos_x": 30.226, "pos_y": 56.388, "rotation": -90.0, "side": "top", "designator": "R3", "mpn": null, "pack": "R_Axial_DIN0204_L3.6mm_D1.6mm_P7.62mm_Horizontal", "value": "10k", "mount_type": "tht", "place": true}, {"pos_x": 80.518, "pos_y": 86.106, "rotation": 180.0, "side": "top", "designator": "RN3", "mpn": null, "pack": "R_Array_SIP9", "value": "4.7k", "mount_type": "tht", "place": true}, {"pos_x": 3.556, "pos_y": 49.276, "rotation": 90.0, "side": "top", "designator": "D1", "mpn": null, "pack": "LED_D3.0mm", "value": "PWR_LED", "mount_type": "tht", "place": true}, {"pos_x": 28.448, "pos_y": 89.154, "rotation": 180.0, "side": "top", "designator": "R4", "mpn": null, "pack": "R_Axial_DIN0204_L3.6mm_D1.6mm_P7.62mm_Horizontal", "value": "1k", "mount_type": "tht", "place": true}, {"pos_x": 60.198, "pos_y": 82.296, "rotation": 180.0, "side": "top", "designator": "C2", "mpn": null, "pack": "C_Disc_D5.0mm_W2.5mm_P2.50mm", "value": "0.1uF", "mount_type": "tht", "place": true}, {"pos_x": 4.445, "pos_y": 56.642, "rotation": 180.0, "side": "top", "designator": "J5", "mpn": null, "pack": "PinHeader_1x03_P2.54mm_Horizontal", "value": "CPU_CLK_SEL", "mount_type": "tht", "place": true}, {"pos_x": 19.812, "pos_y": 38.14, "rotation": 90.0, "side": "top", "designator": "CP2", "mpn": null, "pack": "CP_Radial_D5.0mm_P2.50mm", "value": "0.1uF", "mount_type": "tht", "place": true}, {"pos_x": 28.448, "pos_y": 92.456, "rotation": 180.0, "side": "top", "designator": "R5", "mpn": null, "pack": "R_Axial_DIN0204_L3.6mm_D1.6mm_P7.62mm_Horizontal", "value": "1k", "mount_type": "tht", "place": true}, {"pos_x": 5.207, "pos_y": 17.145, "rotation": 180.0, "side": "top", "designator": "J3", "mpn": null, "pack": "IDC-Header_2x10_P2.54mm_Horizontal", "value": "Power", "mount_type": "tht", "place": true}, {"pos_x": 3.525, "pos_y": 3.525, "rotation": 0.0, "side": "top", "designator": "H4", "mpn": null, "pack": "MountingHole_3.2mm_M3_ISO7380_Pad", "value": "MountingHole_Pad", "mount_type": "tht", "place": true}, {"pos_x": 37.465, "pos_y": 90.17, "rotation": 90.0, "side": "top", "designator": "J2", "mpn": null, "pack": "IDC-Header_2x17_P2.54mm_Horizontal", "value": "Exp. Conn. B", "mount_type": "tht", "place": true}, {"pos_x": 34.29, "pos_y": 56.388, "rotation": -90.0, "side": "top", "designator": "R2", "mpn": null, "pack": "R_Axial_DIN0204_L3.6mm_D1.6mm_P7.62mm_Horizontal", "value": "10k", "mount_type": "tht", "place": true}, {"pos_x": 39.318, "pos_y": 77.216, "rotation": 0.0, "side": "top", "designator": "U4", "mpn": null, "pack": "DIP-14_W7.62mm_Socket", "value": "74LS04", "mount_type": "tht", "place": true}, {"pos_x": 20.522, "pos_y": 82.042, "rotation": 90.0, "side": "top", "designator": "C9", "mpn": null, "pack": "C_Disc_D5.0mm_W2.5mm_P2.50mm", "value": "0.1uF", "mount_type": "tht", "place": true}, {"pos_x": 65.786, "pos_y": 27.178, "rotation": 0.0, "side": "top", "designator": "U5", "mpn": null, "pack": "DIP-20_W7.62mm_Socket", "value": "74LS244", "mount_type": "tht", "place": true}, {"pos_x": 91.725, "pos_y": 3.525, "rotation": 0.0, "side": "top", "designator": "H3", "mpn": null, "pack": "MountingHole_3.2mm_M3_ISO7380_Pad", "value": "MountingHole_Pad", "mount_type": "tht", "place": true}, {"pos_x": 12.902, "pos_y": 77.216, "rotation": 0.0, "side": "top", "designator": "U9", "mpn": null, "pack": "DIP-14_W7.62mm_Socket", "value": "74LS04", "mount_type": "tht", "place": true}]