﻿pos_x,pos_y,rotation,side,designator,mpn,pack,value,mount_type,place
63.905,55.372,0.0,top,C1,,C_Disc_D5.0mm_W2.5mm_P2.50mm,0.1uF,tht,True
50.594,55.372,0.0,top,C2,,C_Disc_D5.0mm_W2.5mm_P2.50mm,0.1uF,tht,True
77.216,29.464,0.0,top,C3,,C_Disc_D5.0mm_W2.5mm_P2.50mm,0.1uF,tht,True
63.905,29.464,0.0,top,C4,,C_Disc_D5.0mm_W2.5mm_P2.50mm,0.1uF,tht,True
77.216,55.372,0.0,top,C5,,C_Disc_D5.0mm_W2.5mm_P2.50mm,0.1uF,tht,True
37.283,55.372,0.0,top,C6,,C_Disc_D5.0mm_W2.5mm_P2.50mm,0.1uF,tht,True
23.972,55.372,0.0,top,C7,,C_Disc_D5.0mm_W2.5mm_P2.50mm,0.1uF,tht,True
12.192,38.14,90.0,top,CP1,,CP_Radial_D5.0mm_P2.50mm,10uF,tht,True
19.812,38.14,90.0,top,CP2,,CP_Radial_D5.0mm_P2.50mm,0.1uF,tht,True
3.556,49.276,90.0,top,D1,,LED_D3.0mm,PWR_LED,tht,True
35.052,51.186,-90.0,top,D10,,LED_D3.0mm,LED_12V,tht,True
42.672,48.646,90.0,top,D11,,LED_D3.0mm,LED_-12V,tht,True
12.192,28.448,-90.0,top,D2,,LED_D3.0mm,LED_3.3V,tht,True
19.812,28.448,-90.0,top,D3,,LED_D3.0mm,LED_3.3V2,tht,True
27.432,28.448,-90.0,top,D4,,LED_D3.0mm,LED_3.3V2,tht,True
35.052,28.448,-90.0,top,D5,,LED_D3.0mm,LED_5V,tht,True
42.672,28.448,-90.0,top,D6,,LED_D3.0mm,LED_5V2,tht,True
50.292,28.448,-90.0,top,D7,,LED_D3.0mm,LED_5V3,tht,True
57.912,28.448,-90.0,top,D8,,LED_D3.0mm,LED_5V4,tht,True
27.432,51.186,-90.0,top,D9,,LED_D3.0mm,LED_5VSB,tht,True
3.525,91.725,0.0,top,H1,,MountingHole_3.2mm_M3_ISO7380_Pad,MountingHole_Pad,tht,True
91.725,91.725,0.0,top,H2,,MountingHole_3.2mm_M3_ISO7380_Pad,MountingHole_Pad,tht,True
91.725,3.525,0.0,top,H3,,MountingHole_3.2mm_M3_ISO7380_Pad,MountingHole_Pad,tht,True
3.525,3.525,0.0,top,H4,,MountingHole_3.2mm_M3_ISO7380_Pad,MountingHole_Pad,tht,True
90.17,78.105,0.0,top,J1,,IDC-Header_2x20_P2.54mm_Horizontal,Exp. Conn. A,tht,True
5.207,17.145,180.0,top,J3,,IDC-Header_2x10_P2.54mm_Horizontal,Power,tht,True
5.207,59.436,180.0,top,J4,,PinHeader_2x10_P2.54mm_Horizontal,7SEG_LED_DISPLAY,tht,True
10.414,59.436,-90.0,top,R1,,R_Axial_DIN0204_L3.6mm_D1.6mm_P7.62mm_Horizontal,470,tht,True
35.052,35.052,90.0,top,R10,,R_Axial_DIN0204_L3.6mm_D1.6mm_P7.62mm_Horizontal,2.4k,tht,True
42.672,35.052,90.0,top,R11,,R_Axial_DIN0204_L3.6mm_D1.6mm_P7.62mm_Horizontal,2.4k,tht,True
12.192,12.314,90.0,top,R2,,R_Axial_DIN0204_L3.6mm_D1.6mm_P7.62mm_Horizontal,660,tht,True
19.812,12.314,90.0,top,R3,,R_Axial_DIN0204_L3.6mm_D1.6mm_P7.62mm_Horizontal,660,tht,True
27.432,12.314,90.0,top,R4,,R_Axial_DIN0204_L3.6mm_D1.6mm_P7.62mm_Horizontal,660,tht,True
35.052,12.314,90.0,top,R5,,R_Axial_DIN0204_L3.6mm_D1.6mm_P7.62mm_Horizontal,1k,tht,True
42.672,12.314,90.0,top,R6,,R_Axial_DIN0204_L3.6mm_D1.6mm_P7.62mm_Horizontal,1k,tht,True
50.292,12.314,90.0,top,R7,,R_Axial_DIN0204_L3.6mm_D1.6mm_P7.62mm_Horizontal,1k,tht,True
57.912,12.314,90.0,top,R8,,R_Axial_DIN0204_L3.6mm_D1.6mm_P7.62mm_Horizontal,1k,tht,True
27.432,35.052,90.0,top,R9,,R_Axial_DIN0204_L3.6mm_D1.6mm_P7.62mm_Horizontal,1k,tht,True
64.242,88.646,0.0,top,RN1,,R_Array_SIP5,1k,tht,True
49.276,88.646,0.0,top,RN2,,R_Array_SIP5,1k,tht,True
71.525,59.934,180.0,top,U1,,DIP-20_W7.62mm_Socket,74LS688,tht,True
58.214,59.934,180.0,top,U2,,DIP-14_W7.62mm_Socket,74LS04,tht,True
84.836,34.031,180.0,top,U3,,DIP-14_W7.62mm_Socket,74LS74,tht,True
71.525,34.031,180.0,top,U4,,DIP-14_W7.62mm_Socket,74LS02,tht,True
84.836,59.934,180.0,top,U5,,DIP-20_W7.62mm_Socket,74LS573,tht,True
44.903,59.934,180.0,top,U6,,DIP-20_W7.62mm_Socket,GAL16V8,tht,True
31.592,59.934,180.0,top,U7,,DIP-20_W7.62mm_Socket,GAL16V8,tht,True
