﻿designator,quantity,value,pack,mpn,mount_type
"C1, C2, C3, C4, C5, C6, C7",7,0.1uF,C_Disc_D5.0mm_W2.5mm_P2.50mm,,tht
CP1,1,10uF,CP_Radial_D5.0mm_P2.50mm,,tht
CP2,1,0.1uF,CP_Radial_D5.0mm_P2.50mm,,tht
D1,1,PWR_LED,LED_D3.0mm,,tht
D10,1,LED_12V,LED_D3.0mm,,tht
D11,1,LED_-12V,LED_D3.0mm,,tht
D2,1,LED_3.3V,LED_D3.0mm,,tht
"D3, D4",2,LED_3.3V2,LED_D3.0mm,,tht
D5,1,LED_5V,LED_D3.0mm,,tht
D6,1,LED_5V2,LED_D3.0mm,,tht
D7,1,LED_5V3,LED_D3.0mm,,tht
D8,1,LED_5V4,LED_D3.0mm,,tht
D9,1,LED_5VSB,LED_D3.0mm,,tht
"H1, H2, H3, H4",4,MountingHole_Pad,MountingHole_3.2mm_M3_ISO7380_Pad,,tht
J1,1,Exp. Conn. A,IDC-Header_2x20_P2.54mm_Horizontal,,tht
J3,1,Power,IDC-Header_2x10_P2.54mm_Horizontal,,tht
J4,1,7SEG_LED_DISPLAY,PinHeader_2x10_P2.54mm_Horizontal,,tht
R1,1,470,R_Axial_DIN0204_L3.6mm_D1.6mm_P7.62mm_Horizontal,,tht
"R10, R11",2,2.4k,R_Axial_DIN0204_L3.6mm_D1.6mm_P7.62mm_Horizontal,,tht
"R2, R3, R4",3,660,R_Axial_DIN0204_L3.6mm_D1.6mm_P7.62mm_Horizontal,,tht
"R5, R6, R7, R8, R9",5,1k,R_Axial_DIN0204_L3.6mm_D1.6mm_P7.62mm_Horizontal,,tht
"RN1, RN2",2,1k,R_Array_SIP5,,tht
U1,1,74LS688,DIP-20_W7.62mm_Socket,,tht
U2,1,74LS04,DIP-14_W7.62mm_Socket,,tht
U3,1,74LS74,DIP-14_W7.62mm_Socket,,tht
U4,1,74LS02,DIP-14_W7.62mm_Socket,,tht
U5,1,74LS573,DIP-20_W7.62mm_Socket,,tht
"U6, U7",2,GAL16V8,DIP-20_W7.62mm_Socket,,tht
